經歷盤點,我實際負責什麼,證明了哪種能力,與申請方向的關聯
,,,
,,,
,,,
,,,
,,,
,,,
CV欄位,是否完成,,
Education（系排或GPA若有優勢可附）,,,
Research Interests,,,
Internship Experience,,,
Project Experience,,,
Competition Experience,,,
Leadership & Activities,,,
Data/Technical Skills,,,
Language Skills,,,
Certifications（僅保留真正相關者）,,,
Awards,,,
Publications/Presentations（如有）,,,
,,,
每段經歷應寫出,是否完成,,
情境（組織或專案當時的狀況）,,,
任務（你的目標）,,,
行動（你實際做了什麼）,,,
工具（問卷/訪談/財務模型/SQL/統計分析）,,,
成果（能量化就量化）,,,
個人貢獻（團隊中哪一塊是你）,,,
與申請方向的關聯,,,
,,,
經歷描述,避免只寫,建議具體化,
行銷競賽,參與行銷競賽,負責市場資料蒐集與消費者分群並用問卷與次級資料分析建立提案方向,
社團幹部,擔任社團幹部,帶領六人團隊重整報名流程與經費控管使參與人數成長四成,
實習,在某公司實習,於商業分析部門用SQL整理交易資料並產出視覺化報表供主管檢視通路表現,
,,,
自傳檢核,是否完成,,
興趣如何形成（具體轉折點）,,,
為什麼選擇這個領域,,,
哪兩三段經歷最能證明能力,,,
為什麼申請這個校所,,,
未來要往哪裡發展,,,
,,,
送件前五問,是否確認,,
CV能否在30秒內看出主軸,,,
每段經歷是否有具體成果與個人貢獻,,,
自傳是否形成清楚故事線,,,
研究計畫是否與過去經歷未來方向一致,,,
是否針對不同校所調整版本,,,
